{
  "channel_keys": [
    "bm25",
    "tfidf",
    "dense"
  ],
  "conditions": {
    "bm25": {
      "delta_vs_rrf": {
        "loss": 0.253232,
        "mean": -0.060629,
        "p5": -0.5,
        "tie": 0.663422,
        "win": 0.083346
      },
      "mean_conflict": null,
      "mean_weights": null,
      "metrics": {
        "AP@100": 0.278019,
        "R@10": 0.388393,
        "R@100": 0.574375,
        "RR@10": 0.305588,
        "nDCG@10": 0.307839
      },
      "p_vs_rrf": 0.0
    },
    "borda": {
      "delta_vs_rrf": {
        "loss": 0.065247,
        "mean": -0.002717,
        "p5": -0.024981,
        "tie": 0.884411,
        "win": 0.050342
      },
      "mean_conflict": null,
      "mean_weights": null,
      "metrics": {
        "AP@100": 0.331255,
        "R@10": 0.469058,
        "R@100": 0.749396,
        "RR@10": 0.361388,
        "nDCG@10": 0.366667
      },
      "p_vs_rrf": 3.9e-05
    },
    "combmnz": {
      "delta_vs_rrf": {
        "loss": 0.075437,
        "mean": 0.016565,
        "p5": -0.042505,
        "tie": 0.774601,
        "win": 0.149962
      },
      "mean_conflict": null,
      "mean_weights": null,
      "metrics": {
        "AP@100": 0.348038,
        "R@10": 0.48988,
        "R@100": 0.754786,
        "RR@10": 0.377698,
        "nDCG@10": 0.38475
      },
      "p_vs_rrf": 0.0
    },
    "combsum": {
      "delta_vs_rrf": {
        "loss": 0.096426,
        "mean": 0.025417,
        "p5": -0.097788,
        "tie": 0.72365,
        "win": 0.179924
      },
      "mean_conflict": null,
      "mean_weights": null,
      "metrics": {
        "AP@100": 0.353364,
        "R@10": 0.510936,
        "R@100": 0.756261,
        "RR@10": 0.382836,
        "nDCG@10": 0.393765
      },
      "p_vs_rrf": 0.0
    },
    "dense": {
      "delta_vs_rrf": {
        "loss": 0.171103,
        "mean": 0.064181,
        "p5": -0.36907,
        "tie": 0.541901,
        "win": 0.286996
      },
      "mean_conflict": null,
      "mean_weights": null,
      "metrics": {
        "AP@100": 0.389321,
        "R@10": 0.556153,
        "R@100": 0.781311,
        "RR@10": 0.423147,
        "nDCG@10": 0.434038
      },
      "p_vs_rrf": 0.0
    },
    "isr": {
      "delta_vs_rrf": {
        "loss": 0.149506,
        "mean": 0.027926,
        "p5": -0.30103,
        "tie": 0.641065,
        "win": 0.20943
      },
      "mean_conflict": null,
      "mean_weights": null,
      "metrics": {
        "AP@100": 0.351791,
        "R@10": 0.518388,
        "R@100": 0.750572,
        "RR@10": 0.382917,
        "nDCG@10": 0.395307
      },
      "p_vs_rrf": 0.0
    },
    "rrf": {
      "delta_vs_rrf": null,
      "mean_conflict": null,
      "mean_weights": {
        "bm25": 1.0,
        "dense": 1.0,
        "tfidf": 1.0
      },
      "metrics": {
        "AP@100": 0.334239,
        "R@10": 0.470245,
        "R@100": 0.749055,
        "RR@10": 0.363934,
        "nDCG@10": 0.3695
      },
      "p_vs_rrf": null
    },
    "rrf-oracle": {
      "delta_vs_rrf": {
        "loss": 0.141141,
        "mean": 0.067631,
        "p5": -0.36907,
        "tie": 0.569886,
        "win": 0.288973
      },
      "mean_conflict": null,
      "mean_weights": {
        "bm25": 0.04724,
        "dense": 0.925703,
        "tfidf": 0.027057
      },
      "metrics": {
        "AP@100": 0.392125,
        "R@10": 0.560882,
        "R@100": 0.781311,
        "RR@10": 0.426116,
        "nDCG@10": 0.437389
      },
      "p_vs_rrf": 0.0
    },
    "ruffle-cold": {
      "delta_vs_rrf": {
        "loss": 0.0,
        "mean": 0.0,
        "p5": 0.0,
        "tie": 1.0,
        "win": 0.0
      },
      "mean_conflict": 0.0,
      "mean_weights": {
        "bm25": 1.0,
        "dense": 1.0,
        "tfidf": 1.0
      },
      "metrics": {
        "AP@100": 0.334239,
        "R@10": 0.470245,
        "R@100": 0.749055,
        "RR@10": 0.363934,
        "nDCG@10": 0.3695
      },
      "p_vs_rrf": null
    },
    "ruffle-warm": {
      "delta_vs_rrf": {
        "loss": 0.088821,
        "mean": 0.006037,
        "p5": -0.086714,
        "tie": 0.796654,
        "win": 0.114525
      },
      "mean_conflict": 0.284194,
      "mean_weights": {
        "bm25": 0.991067,
        "dense": 1.019471,
        "tfidf": 0.989462
      },
      "metrics": {
        "AP@100": 0.339088,
        "R@10": 0.475795,
        "R@100": 0.72093,
        "RR@10": 0.369818,
        "nDCG@10": 0.375259
      },
      "p_vs_rrf": 2e-06
    },
    "ruffle-warm-aggressive": {
      "delta_vs_rrf": {
        "loss": 0.147985,
        "mean": 0.006086,
        "p5": -0.333333,
        "tie": 0.688669,
        "win": 0.163346
      },
      "mean_conflict": 0.214444,
      "mean_weights": {
        "bm25": 0.958256,
        "dense": 1.130539,
        "tfidf": 0.911205
      },
      "metrics": {
        "AP@100": 0.335111,
        "R@10": 0.478684,
        "R@100": 0.690996,
        "RR@10": 0.367139,
        "nDCG@10": 0.373744
      },
      "p_vs_rrf": 0.009112
    },
    "ruffle-warm-coupled": {
      "delta_vs_rrf": {
        "loss": 0.099163,
        "mean": 0.008272,
        "p5": -0.138862,
        "tie": 0.766844,
        "win": 0.133992
      },
      "mean_conflict": 0.284194,
      "mean_weights": {
        "bm25": 0.965018,
        "dense": 1.08972,
        "tfidf": 0.945262
      },
      "metrics": {
        "AP@100": 0.340831,
        "R@10": 0.478214,
        "R@100": 0.720156,
        "RR@10": 0.371905,
        "nDCG@10": 0.377109
      },
      "p_vs_rrf": 0.0
    },
    "tfidf": {
      "delta_vs_rrf": {
        "loss": 0.332319,
        "mean": -0.112915,
        "p5": -0.61732,
        "tie": 0.614905,
        "win": 0.052776
      },
      "mean_conflict": null,
      "mean_weights": null,
      "metrics": {
        "AP@100": 0.225571,
        "R@10": 0.346007,
        "R@100": 0.573482,
        "RR@10": 0.249162,
        "nDCG@10": 0.25616
      },
      "p_vs_rrf": 0.0
    }
  },
  "coupling_refreshes": 10,
  "dataset": "cqadupstack",
  "engine_defaults": {
    "denom_floor_frac": 0.75,
    "top_eps": 0.1,
    "top_m": 5,
    "winsor_z": 2.5
  },
  "eval_queries": 6575,
  "ir_datasets_id": "beir/cqadupstack/*",
  "k": 100,
  "note": "Macro-averaged over the 12 subforums, each with its own corpus, channels, warmup, and oracle; the paired test pools per-query nDCG@10 across subforums.",
  "python": "3.12.13",
  "ruffle_version": "0.2.0",
  "seed": 0,
  "subforums": {
    "android": {
      "eval_queries": 350,
      "ndcg10": {
        "bm25": 0.34985,
        "borda": 0.404909,
        "combmnz": 0.420472,
        "combsum": 0.438304,
        "dense": 0.487196,
        "isr": 0.444472,
        "rrf": 0.405996,
        "rrf-oracle": 0.487196,
        "ruffle-cold": 0.405996,
        "ruffle-warm": 0.402689,
        "ruffle-warm-aggressive": 0.399482,
        "ruffle-warm-coupled": 0.404595,
        "tfidf": 0.318416
      }
    },
    "english": {
      "eval_queries": 785,
      "ndcg10": {
        "bm25": 0.332906,
        "borda": 0.421359,
        "combmnz": 0.443266,
        "combsum": 0.45871,
        "dense": 0.501022,
        "isr": 0.46327,
        "rrf": 0.421749,
        "rrf-oracle": 0.506342,
        "ruffle-cold": 0.421749,
        "ruffle-warm": 0.437516,
        "ruffle-warm-aggressive": 0.448324,
        "ruffle-warm-coupled": 0.443047,
        "tfidf": 0.310955
      }
    },
    "gaming": {
      "eval_queries": 798,
      "ndcg10": {
        "bm25": 0.480637,
        "borda": 0.546389,
        "combmnz": 0.569409,
        "combsum": 0.571043,
        "dense": 0.619262,
        "isr": 0.580225,
        "rrf": 0.550346,
        "rrf-oracle": 0.619262,
        "ruffle-cold": 0.550346,
        "ruffle-warm": 0.550224,
        "ruffle-warm-aggressive": 0.551054,
        "ruffle-warm-coupled": 0.55306,
        "tfidf": 0.420157
      }
    },
    "gis": {
      "eval_queries": 443,
      "ndcg10": {
        "bm25": 0.294189,
        "borda": 0.345261,