{
  "conditions": {
    "bm25": {
      "delta_vs_rrf": {
        "loss": 0.41358,
        "mean": -0.10219,
        "p5": -0.448644,
        "tie": 0.533951,
        "win": 0.052469
      },
      "mean_conflict": null,
      "mean_weights": null,
      "metrics": {
        "AP@100": 0.200079,
        "R@10": 0.297807,
        "R@100": 0.505896,
        "RR@10": 0.307596,
        "nDCG@10": 0.245424
      },
      "p_vs_rrf": 0.0
    },
    "borda": {
      "delta_vs_rrf": {
        "loss": 0.126543,
        "mean": -0.005737,
        "p5": -0.077674,
        "tie": 0.799383,
        "win": 0.074074
      },
      "mean_conflict": null,
      "mean_weights": null,
      "metrics": {
        "AP@100": 0.295257,
        "R@10": 0.404874,
        "R@100": 0.791993,
        "RR@10": 0.407564,
        "nDCG@10": 0.341877
      },
      "p_vs_rrf": 0.059555
    },
    "combmnz": {
      "delta_vs_rrf": {
        "loss": 0.095679,
        "mean": 0.026517,
        "p5": -0.060042,
        "tie": 0.632716,
        "win": 0.271605
      },
      "mean_conflict": null,
      "mean_weights": null,
      "metrics": {
        "AP@100": 0.316729,
        "R@10": 0.457205,
        "R@100": 0.789219,
        "RR@10": 0.44076,
        "nDCG@10": 0.37413
      },
      "p_vs_rrf": 1e-06
    },
    "combsum": {
      "delta_vs_rrf": {
        "loss": 0.169753,
        "mean": 0.039582,
        "p5": -0.13093,
        "tie": 0.515432,
        "win": 0.314815
      },
      "mean_conflict": null,
      "mean_weights": null,
      "metrics": {
        "AP@100": 0.327147,
        "R@10": 0.484807,
        "R@100": 0.792748,
        "RR@10": 0.44957,
        "nDCG@10": 0.387195
      },
      "p_vs_rrf": 0.0
    },
    "dense": {
      "delta_vs_rrf": {
        "loss": 0.135802,
        "mean": 0.193014,
        "p5": -0.280529,
        "tie": 0.29321,
        "win": 0.570988
      },
      "mean_conflict": null,
      "mean_weights": null,
      "metrics": {
        "AP@100": 0.465405,
        "R@10": 0.635177,
        "R@100": 0.846756,
        "RR@10": 0.615498,
        "nDCG@10": 0.540627
      },
      "p_vs_rrf": 0.0
    },
    "isr": {
      "delta_vs_rrf": {
        "loss": 0.222222,
        "mean": 0.06157,
        "p5": -0.264068,
        "tie": 0.37963,
        "win": 0.398148
      },
      "mean_conflict": null,
      "mean_weights": null,
      "metrics": {
        "AP@100": 0.327073,
        "R@10": 0.548116,
        "R@100": 0.792276,
        "RR@10": 0.462549,
        "nDCG@10": 0.409184
      },
      "p_vs_rrf": 0.0
    },
    "rrf": {
      "delta_vs_rrf": null,
      "mean_conflict": null,
      "mean_weights": {
        "bm25": 1.0,
        "dense": 1.0,
        "tfidf": 1.0
      },
      "metrics": {
        "AP@100": 0.298429,
        "R@10": 0.410464,
        "R@100": 0.78731,
        "RR@10": 0.418991,
        "nDCG@10": 0.347613
      },
      "p_vs_rrf": null
    },
    "rrf-oracle": {
      "delta_vs_rrf": {
        "loss": 0.135802,
        "mean": 0.193014,
        "p5": -0.280529,
        "tie": 0.29321,
        "win": 0.570988
      },
      "mean_conflict": null,
      "mean_weights": {
        "bm25": 0.0,
        "dense": 1.0,
        "tfidf": 0.0
      },
      "metrics": {
        "AP@100": 0.465405,
        "R@10": 0.635177,
        "R@100": 0.846756,
        "RR@10": 0.615498,
        "nDCG@10": 0.540627
      },
      "p_vs_rrf": 0.0
    },
    "ruffle-cold": {
      "delta_vs_rrf": {
        "loss": 0.0,
        "mean": 0.0,
        "p5": 0.0,
        "tie": 1.0,
        "win": 0.0
      },
      "mean_conflict": 0.0,
      "mean_weights": {
        "bm25": 1.0,
        "dense": 1.0,
        "tfidf": 1.0
      },
      "metrics": {
        "AP@100": 0.298429,
        "R@10": 0.410464,
        "R@100": 0.78731,
        "RR@10": 0.418991,
        "nDCG@10": 0.347613
      },
      "p_vs_rrf": null
    },
    "ruffle-warm": {
      "delta_vs_rrf": {
        "loss": 0.135802,
        "mean": 0.006209,
        "p5": -0.193426,
        "tie": 0.666667,
        "win": 0.197531
      },
      "mean_conflict": 0.294727,
      "mean_weights": {
        "bm25": 0.969101,
        "dense": 1.040878,
        "tfidf": 0.99002
      },
      "metrics": {
        "AP@100": 0.302911,
        "R@10": 0.425905,
        "R@100": 0.742642,
        "RR@10": 0.417949,
        "nDCG@10": 0.353823
      },
      "p_vs_rrf": 0.384338
    },
    "ruffle-warm-aggressive": {
      "delta_vs_rrf": {
        "loss": 0.219136,
        "mean": 0.007975,
        "p5": -0.36907,
        "tie": 0.506173,
        "win": 0.274691
      },
      "mean_conflict": 0.222188,
      "mean_weights": {
        "bm25": 0.896498,
        "dense": 1.179324,
        "tfidf": 0.924178
      },
      "metrics": {
        "AP@100": 0.29805,
        "R@10": 0.434728,
        "R@100": 0.685002,
        "RR@10": 0.412211,
        "nDCG@10": 0.355588
      },
      "p_vs_rrf": 0.521896
    },
    "ruffle-warm-coupled": {
      "delta_vs_rrf": {
        "loss": 0.145062,
        "mean": 0.010976,
        "p5": -0.243775,
        "tie": 0.623457,
        "win": 0.231481
      },
      "mean_conflict": 0.294727,
      "mean_weights": {
        "bm25": 0.942622,
        "dense": 1.109417,
        "tfidf": 0.947962
      },
      "metrics": {
        "AP@100": 0.306217,
        "R@10": 0.43173,
        "R@100": 0.738508,
        "RR@10": 0.425968,
        "nDCG@10": 0.358589
      },
      "p_vs_rrf": 0.196248
    },
    "tfidf": {
      "delta_vs_rrf": {
        "loss": 0.515432,
        "mean": -0.179165,
        "p5": -0.63093,
        "tie": 0.450617,
        "win": 0.033951
      },
      "mean_conflict": null,
      "mean_weights": null,
      "metrics": {
        "AP@100": 0.132649,
        "R@10": 0.226919,
        "R@100": 0.472388,
        "RR@10": 0.208213,
        "nDCG@10": 0.168448
      },
      "p_vs_rrf": 0.0
    }
  },
  "coupling_refreshes": 10,
  "dataset": "fiqa",
  "engine_defaults": {
    "denom_floor_frac": 0.75,
    "top_eps": 0.1,
    "top_m": 5,
    "winsor_z": 2.5
  },
  "eval_queries": 324,
  "ir_datasets_id": "beir/fiqa/test",
  "k": 100,
  "python": "3.12.13",
  "ruffle_version": "0.2.0",
  "seed": 0,
  "warm_queries": 324
}
