{
  "dataset": "fiqa",
  "engine_defaults": {
    "denom_floor_frac": 0.75,
    "top_eps": 0.1,
    "top_m": 5,
    "winsor_z": 2.5
  },
  "eval_queries": 324,
  "ir_datasets_id": "beir/fiqa/test",
  "k": 100,
  "modes": {
    "flaky": {
      "aggressive_broken_weight_on_failed": 0.392793,
      "aggressive_broken_weight_on_healthy": 1.846709,
      "broken_weight_on_failed": 0.607775,
      "broken_weight_on_healthy": 1.447775,
      "conditions": {
        "rrf": {
          "mean_weights": {
            "bm25": 1.0,
            "broken": 1.0,
            "dense": 1.0,
            "tfidf": 1.0
          },
          "metrics": {
            "AP@100": 0.267676,
            "R@10": 0.395821,
            "R@100": 0.716096,
            "RR@10": 0.387745,
            "nDCG@10": 0.322997
          }
        },
        "rrf-clean": {
          "metrics": {
            "AP@100": 0.298429,
            "R@10": 0.410464,
            "R@100": 0.78731,
            "RR@10": 0.418991,
            "nDCG@10": 0.347613
          },
          "p_vs_rrf_broken": 1.9e-05
        },
        "ruffle-warm": {
          "mean_conflict": 0.371085,
          "mean_weights": {
            "bm25": 0.941159,
            "broken": 1.035553,
            "dense": 1.041462,
            "tfidf": 0.981826
          },
          "metrics": {
            "AP@100": 0.286225,
            "R@10": 0.395661,
            "R@100": 0.666391,
            "RR@10": 0.408417,
            "nDCG@10": 0.336558
          },
          "p_vs_rrf_broken": 0.062362
        },
        "ruffle-warm-aggressive": {
          "mean_conflict": 0.302193,
          "mean_weights": {
            "bm25": 0.850322,
            "broken": 1.133213,
            "dense": 1.077287,
            "tfidf": 0.939178
          },
          "metrics": {
            "AP@100": 0.28953,
            "R@10": 0.398506,
            "R@100": 0.64115,
            "RR@10": 0.409708,
            "nDCG@10": 0.340357
          },
          "p_vs_rrf_broken": 0.077927
        }
      },
      "failed_eval_queries": 159
    },
    "wrong-query": {
      "conditions": {
        "rrf": {
          "mean_weights": {
            "bm25": 1.0,
            "broken": 1.0,
            "dense": 1.0,
            "tfidf": 1.0
          },
          "metrics": {
            "AP@100": 0.295353,
            "R@10": 0.405834,
            "R@100": 0.759695,
            "RR@10": 0.416754,
            "nDCG@10": 0.345021
          }
        },
        "rrf-clean": {
          "metrics": {
            "AP@100": 0.298429,
            "R@10": 0.410464,
            "R@100": 0.78731,
            "RR@10": 0.418991,
            "nDCG@10": 0.347613
          },
          "p_vs_rrf_broken": 0.058283
        },
        "ruffle-warm": {
          "mean_conflict": 0.4212,
          "mean_weights": {
            "bm25": 0.946361,
            "broken": 1.045598,
            "dense": 1.038917,
            "tfidf": 0.969123
          },
          "metrics": {
            "AP@100": 0.279527,
            "R@10": 0.394012,
            "R@100": 0.680965,
            "RR@10": 0.391663,
            "nDCG@10": 0.327813
          },
          "p_vs_rrf_broken": 0.066683
        },
        "ruffle-warm-aggressive": {
          "mean_conflict": 0.335646,
          "mean_weights": {
            "bm25": 0.882818,
            "broken": 1.092003,
            "dense": 1.100301,
            "tfidf": 0.924879
          },
          "metrics": {
            "AP@100": 0.264509,
            "R@10": 0.379437,
            "R@100": 0.605911,
            "RR@10": 0.360359,
            "nDCG@10": 0.312246
          },
          "p_vs_rrf_broken": 0.010654
        }
      }
    }
  },
  "python": "3.12.13",
  "ruffle_version": "0.2.0",
  "seed": 0,
  "warm_queries": 324
}
