{
  "dataset": "nfcorpus",
  "engine_defaults": {
    "denom_floor_frac": 0.75,
    "top_eps": 0.1,
    "top_m": 5,
    "winsor_z": 2.5
  },
  "eval_queries": 162,
  "ir_datasets_id": "beir/nfcorpus/test",
  "k": 100,
  "modes": {
    "flaky": {
      "aggressive_broken_weight_on_failed": 0.713478,
      "aggressive_broken_weight_on_healthy": 1.687856,
      "broken_weight_on_failed": 0.768372,
      "broken_weight_on_healthy": 1.342642,
      "conditions": {
        "rrf": {
          "mean_weights": {
            "bm25": 1.0,
            "broken": 1.0,
            "dense": 1.0,
            "tfidf": 1.0
          },
          "metrics": {
            "AP@100": 0.152948,
            "R@10": 0.154752,
            "R@100": 0.300401,
            "RR@10": 0.523942,
            "nDCG@10": 0.321988
          }
        },
        "rrf-clean": {
          "metrics": {
            "AP@100": 0.161539,
            "R@10": 0.17217,
            "R@100": 0.315791,
            "RR@10": 0.55011,
            "nDCG@10": 0.342716
          },
          "p_vs_rrf_broken": 0.00025
        },
        "ruffle-warm": {
          "mean_conflict": 0.268215,
          "mean_weights": {
            "bm25": 1.042303,
            "broken": 1.055507,
            "dense": 0.953964,
            "tfidf": 0.948227
          },
          "metrics": {
            "AP@100": 0.157574,
            "R@10": 0.160285,
            "R@100": 0.295688,
            "RR@10": 0.547039,
            "nDCG@10": 0.336861
          },
          "p_vs_rrf_broken": 0.001148
        },
        "ruffle-warm-aggressive": {
          "mean_conflict": 0.213367,
          "mean_weights": {
            "bm25": 1.098273,
            "broken": 1.200667,
            "dense": 0.890553,
            "tfidf": 0.810507
          },
          "metrics": {
            "AP@100": 0.156536,
            "R@10": 0.163125,
            "R@100": 0.294294,
            "RR@10": 0.548592,
            "nDCG@10": 0.339369
          },
          "p_vs_rrf_broken": 0.002176
        }
      },
      "failed_eval_queries": 81
    },
    "wrong-query": {
      "conditions": {
        "rrf": {
          "mean_weights": {
            "bm25": 1.0,
            "broken": 1.0,
            "dense": 1.0,
            "tfidf": 1.0
          },
          "metrics": {
            "AP@100": 0.157045,
            "R@10": 0.16406,
            "R@100": 0.309288,
            "RR@10": 0.544417,
            "nDCG@10": 0.336462
          }
        },
        "rrf-clean": {
          "metrics": {
            "AP@100": 0.161539,
            "R@10": 0.17217,
            "R@100": 0.315791,
            "RR@10": 0.55011,
            "nDCG@10": 0.342716
          },
          "p_vs_rrf_broken": 0.025487
        },
        "ruffle-warm": {
          "mean_conflict": 0.363773,
          "mean_weights": {
            "bm25": 1.066707,
            "broken": 1.050135,
            "dense": 0.947191,
            "tfidf": 0.935967
          },
          "metrics": {
            "AP@100": 0.152857,
            "R@10": 0.157855,
            "R@100": 0.294816,
            "RR@10": 0.512267,
            "nDCG@10": 0.325741
          },
          "p_vs_rrf_broken": 0.042597
        },
        "ruffle-warm-aggressive": {
          "mean_conflict": 0.281689,
          "mean_weights": {
            "bm25": 1.180985,
            "broken": 1.185333,
            "dense": 0.864737,
            "tfidf": 0.768944
          },
          "metrics": {
            "AP@100": 0.145721,
            "R@10": 0.147455,
            "R@100": 0.284693,
            "RR@10": 0.483968,
            "nDCG@10": 0.309535
          },
          "p_vs_rrf_broken": 0.002824
        }
      }
    }
  },
  "python": "3.12.13",
  "ruffle_version": "0.2.0",
  "seed": 0,
  "warm_queries": 161
}
