{
  "dataset": "quora",
  "eval_queries": 5000,
  "ir_datasets_id": "beir/quora/test",
  "k": 100,
  "modes": {
    "flaky": {
      "broken_weight_on_failed": 0.668548,
      "broken_weight_on_healthy": 1.384697,
      "conditions": {
        "rrf": {
          "mean_weights": {
            "bm25": 1.0,
            "broken": 1.0,
            "dense": 1.0,
            "tfidf": 1.0
          },
          "metrics": {
            "R@100": 0.990642,
            "RR@10": 0.780412,
            "nDCG@10": 0.796796
          }
        },
        "rrf-clean": {
          "metrics": {
            "R@100": 0.994578,
            "RR@10": 0.832165,
            "nDCG@10": 0.839214
          },
          "p_vs_rrf_broken": 0.0
        },
        "ruffle-warm": {
          "mean_conflict": 0.263968,
          "mean_weights": {
            "bm25": 0.989679,
            "broken": 1.028055,
            "dense": 0.994105,
            "tfidf": 0.988161
          },
          "metrics": {
            "R@100": 0.989923,
            "RR@10": 0.806664,
            "nDCG@10": 0.817442
          },
          "p_vs_rrf_broken": 0.0
        }
      },
      "failed_eval_queries": 2490
    },
    "wrong-query": {
      "conditions": {
        "rrf": {
          "mean_weights": {
            "bm25": 1.0,
            "broken": 1.0,
            "dense": 1.0,
            "tfidf": 1.0
          },
          "metrics": {
            "R@100": 0.99289,
            "RR@10": 0.831805,
            "nDCG@10": 0.838941
          }
        },
        "rrf-clean": {
          "metrics": {
            "R@100": 0.994578,
            "RR@10": 0.832165,
            "nDCG@10": 0.839214
          },
          "p_vs_rrf_broken": 0.090016
        },
        "ruffle-warm": {
          "mean_conflict": 0.371252,
          "mean_weights": {
            "bm25": 1.011983,
            "broken": 1.021898,
            "dense": 0.986411,
            "tfidf": 0.979708
          },
          "metrics": {
            "R@100": 0.989747,
            "RR@10": 0.804766,
            "nDCG@10": 0.814335
          },
          "p_vs_rrf_broken": 0.0
        }
      }
    }
  },
  "python": "3.12.13",
  "ruffle_version": "0.2.0",
  "seed": 0,
  "warm_queries": 5000
}
