{
  "conditions": {
    "bm25": {
      "delta_vs_rrf": {
        "loss": 0.3,
        "mean": -0.072292,
        "p5": -0.430677,
        "tie": 0.633333,
        "win": 0.066667
      },
      "mean_conflict": null,
      "mean_weights": null,
      "metrics": {
        "AP@100": 0.626913,
        "R@10": 0.796556,
        "R@100": 0.923111,
        "RR@10": 0.634212,
        "nDCG@10": 0.66701
      },
      "p_vs_rrf": 0.000159
    },
    "borda": {
      "delta_vs_rrf": {
        "loss": 0.066667,
        "mean": -0.0046,
        "p5": -0.017868,
        "tie": 0.926667,
        "win": 0.006667
      },
      "mean_conflict": null,
      "mean_weights": null,
      "metrics": {
        "AP@100": 0.688301,
        "R@10": 0.879778,
        "R@100": 0.993333,
        "RR@10": 0.701045,
        "nDCG@10": 0.734702
      },
      "p_vs_rrf": 0.077874
    },
    "combmnz": {
      "delta_vs_rrf": {
        "loss": 0.093333,
        "mean": 0.013882,
        "p5": -0.069323,
        "tie": 0.786667,
        "win": 0.12
      },
      "mean_conflict": null,
      "mean_weights": null,
      "metrics": {
        "AP@100": 0.70804,
        "R@10": 0.894778,
        "R@100": 0.993333,
        "RR@10": 0.715894,
        "nDCG@10": 0.753183
      },
      "p_vs_rrf": 0.11601
    },
    "combsum": {
      "delta_vs_rrf": {
        "loss": 0.12,
        "mean": 0.015812,
        "p5": -0.074469,
        "tie": 0.746667,
        "win": 0.133333
      },
      "mean_conflict": null,
      "mean_weights": null,
      "metrics": {
        "AP@100": 0.709681,
        "R@10": 0.898111,
        "R@100": 0.993333,
        "RR@10": 0.716735,
        "nDCG@10": 0.755113
      },
      "p_vs_rrf": 0.108438
    },
    "dense": {
      "delta_vs_rrf": {
        "loss": 0.213333,
        "mean": -0.002518,
        "p5": -0.386853,
        "tie": 0.613333,
        "win": 0.173333
      },
      "mean_conflict": null,
      "mean_weights": null,
      "metrics": {
        "AP@100": 0.692195,
        "R@10": 0.879778,
        "R@100": 0.98,
        "RR@10": 0.695934,
        "nDCG@10": 0.736784
      },
      "p_vs_rrf": 0.908837
    },
    "isr": {
      "delta_vs_rrf": {
        "loss": 0.146667,
        "mean": 0.020347,
        "p5": -0.200253,
        "tie": 0.686667,
        "win": 0.166667
      },
      "mean_conflict": null,
      "mean_weights": null,
      "metrics": {
        "AP@100": 0.710087,
        "R@10": 0.911444,
        "R@100": 0.993333,
        "RR@10": 0.718421,
        "nDCG@10": 0.759648
      },
      "p_vs_rrf": 0.100785
    },
    "rrf": {
      "delta_vs_rrf": null,
      "mean_conflict": null,
      "mean_weights": {
        "bm25": 1.0,
        "dense": 1.0,
        "tfidf": 1.0
      },
      "metrics": {
        "AP@100": 0.693837,
        "R@10": 0.879778,
        "R@100": 0.993333,
        "RR@10": 0.702989,
        "nDCG@10": 0.739301
      },
      "p_vs_rrf": null
    },
    "rrf-oracle": {
      "delta_vs_rrf": {
        "loss": 0.1,
        "mean": 0.028589,
        "p5": -0.122785,
        "tie": 0.706667,
        "win": 0.193333
      },
      "mean_conflict": null,
      "mean_weights": {
        "bm25": 0.1,
        "dense": 0.6,
        "tfidf": 0.3
      },
      "metrics": {
        "AP@100": 0.723904,
        "R@10": 0.908111,
        "R@100": 0.986667,
        "RR@10": 0.730894,
        "nDCG@10": 0.767891
      },
      "p_vs_rrf": 0.009757
    },
    "ruffle-cold": {
      "delta_vs_rrf": {
        "loss": 0.0,
        "mean": 0.0,
        "p5": 0.0,
        "tie": 1.0,
        "win": 0.0
      },
      "mean_conflict": 0.0,
      "mean_weights": {
        "bm25": 1.0,
        "dense": 1.0,
        "tfidf": 1.0
      },
      "metrics": {
        "AP@100": 0.693837,
        "R@10": 0.879778,
        "R@100": 0.993333,
        "RR@10": 0.702989,
        "nDCG@10": 0.739301
      },
      "p_vs_rrf": null
    },
    "ruffle-warm": {
      "delta_vs_rrf": {
        "loss": 0.04,
        "mean": 0.016603,
        "p5": 0.0,
        "tie": 0.826667,
        "win": 0.133333
      },
      "mean_conflict": 0.226431,
      "mean_weights": {
        "bm25": 1.004648,
        "dense": 1.068496,
        "tfidf": 0.926856
      },
      "metrics": {
        "AP@100": 0.713098,
        "R@10": 0.888111,
        "R@100": 0.986667,
        "RR@10": 0.722294,
        "nDCG@10": 0.755904
      },
      "p_vs_rrf": 0.004087
    },
    "ruffle-warm-aggressive": {
      "delta_vs_rrf": {
        "loss": 0.1,
        "mean": 0.009355,
        "p5": -0.226294,
        "tie": 0.76,
        "win": 0.14
      },
      "mean_conflict": 0.183175,
      "mean_weights": {
        "bm25": 1.018675,
        "dense": 1.308816,
        "tfidf": 0.672509
      },
      "metrics": {
        "AP@100": 0.705008,
        "R@10": 0.884778,
        "R@100": 0.97,
        "RR@10": 0.710651,
        "nDCG@10": 0.748657
      },
      "p_vs_rrf": 0.379523
    },
    "ruffle-warm-coupled": {
      "delta_vs_rrf": {
        "loss": 0.046667,
        "mean": 0.015156,
        "p5": 0.0,
        "tie": 0.82,
        "win": 0.133333
      },
      "mean_conflict": 0.226431,
      "mean_weights": {
        "bm25": 0.984282,
        "dense": 1.164562,
        "tfidf": 0.851156
      },
      "metrics": {
        "AP@100": 0.711269,
        "R@10": 0.888111,
        "R@100": 0.98,
        "RR@10": 0.72023,
        "nDCG@10": 0.754457
      },
      "p_vs_rrf": 0.006219
    },
    "tfidf": {
      "delta_vs_rrf": {
        "loss": 0.306667,
        "mean": -0.071482,
        "p5": -0.386853,
        "tie": 0.6,
        "win": 0.093333
      },
      "mean_conflict": null,
      "mean_weights": null,
      "metrics": {
        "AP@100": 0.609131,
        "R@10": 0.847889,
        "R@100": 0.938667,
        "RR@10": 0.61932,
        "nDCG@10": 0.667819
      },
      "p_vs_rrf": 7e-06
    }
  },
  "coupling_refreshes": 10,
  "dataset": "scifact",
  "engine_defaults": {
    "denom_floor_frac": 0.75,
    "top_eps": 0.1,
    "top_m": 5,
    "winsor_z": 2.5
  },
  "eval_queries": 150,
  "ir_datasets_id": "beir/scifact/test",
  "k": 100,
  "python": "3.12.13",
  "ruffle_version": "0.2.0",
  "seed": 0,
  "warm_queries": 150
}
